"rank","model","rmsle","rmse","mse","mae"
1,"xgboost",2.85739750313337,19258.8173241788,370902044.72609,6683.71050315734
2,"piecewise_polynomial_spline",2.92421367929279,20228.9029221661,409208513.434421,7486.64362714193
3,"random_forest",3.67158647580494,20143.5223385826,405761492.204978,7757.91079616431
4,"intercept",4.02820932309866,21390.6211188698,457558671.851039,9125.54217742988
